,Time,Bond,Side,Notional,Counterparty,MidPrice,QuotedPrice,Competitors,Traded,NextMidPrice,PL
0,31001,Bond_0,Offer,60000,Ctpy_0,98.6949999999993,,1,,,
1,31002,Bond_2,Bid,1000,Ctpy_3,65.8199999999991,,3,,,
2,31015,Bond_0,Bid,1000,Ctpy_0,99.6349999999993,,1,,,
3,31023,Bond_2,Offer,250000,Ctpy_0,67.1799999999991,,4,,,
4,31033,Bond_0,Offer,1000,Ctpy_1,98.9549999999993,,4,,,
5,31039,Bond_1,Bid,10000000,Ctpy_0,129.270999999999,,3,,,
6,31042,Bond_2,Bid,20000,Ctpy_1,66.6499999999991,,3,,,
7,31044,Bond_0,Offer,1000,Ctpy_3,98.9049999999993,,4,,,
8,31094,Bond_2,Offer,1000,Ctpy_1,66.3699999999991,,4,,,
9,31099,Bond_0,Bid,1000,Ctpy_0,99.2049999999993,,3,,,
